clientId,username,actionDescription,createdDateOffset
019d1009-2b83-763d-b378-47b344c714e8,alice,"Hilpert, Kemmer and Kunze profile updated",-19
019d1009-2c0d-7432-bfb0-ae8b3c7b535f,alice,Kulas-Luettgen profile updated,-9
019d1009-2c17-7219-a990-74bd47c49bd4,robert,Champlin-Reichel profile updated,-4
019d1009-2c21-7712-98e8-a1da85905b5e,alice,"Kuvalis, Christiansen and Romaguera profile updated",-22
019d1009-2c2b-7618-ba20-14df99202815,robert,"Bradtke, Kozey and Rosenbaum profile updated",-9
019d1009-2c34-7d4e-ae18-9cbba7eafc95,alice,"Zulauf, Kihn and Lakin profile updated",-19
019d1009-2c3c-73da-ae29-3975141d56d4,robert,King-Adams profile updated,-3
019d1009-2c46-7ddd-be3e-3a392fba54f3,robert,"Kling, Kuhn and VonRueden profile updated",-2
019d1009-2c4f-7d34-ab93-3cceed01cb00,alice,"Dooley, Jacobs and O'Conner profile updated",-28
019d1009-2c58-7e71-a7a6-4bb0b09b6533,alice,Connelly LLC profile updated,-13
019d1009-2c62-7df8-b8fa-22491588d3cc,robert,Strosin Inc profile updated,-24
019d1009-2c6c-7370-8952-0b943cfcb3b8,alice,"Rogahn, Klocko and Hills profile updated",-23
019d1009-2c7a-794c-b2ca-496cf0dff886,alice,Osinski-Keeling profile updated,-29
019d1009-2c82-73d6-9095-c08d85ce2224,robert,Lubowitz Inc profile updated,-25
019d1009-2c8a-78b9-af90-bed462fff062,robert,McDermott-Kub profile updated,-8
019d1009-2c93-7978-a81c-2e4c9cc4aacb,alice,Feest-Lockman profile updated,-6
019d1009-2c9b-7240-a82d-01080233dcce,alice,Jakubowski-Graham profile updated,-16
019d1009-2ca2-7acb-ab9a-ee4d220b4e14,alice,Batz-Goldner profile updated,-24
019d1009-2cab-7eeb-bd2d-373a2e127b07,alice,Stokes Inc profile updated,-1
019d1009-2cb3-7573-b616-62ccf532df41,robert,"Carter, Stracke and Ebert profile updated",-19
019d1009-2cba-7721-8769-fd0139988dc9,robert,Hand LLC profile updated,-3
019d1009-2cc1-7e09-916b-29d60e3f476c,alice,Kshlerin LLC profile updated,-26
019d1009-2cc9-7641-a222-50a6d8d8a356,robert,"Dietrich, Schiller and Ruecker profile updated",-18
019d1009-2ccf-7c5d-9372-41e28df73f3b,robert,"Bosco, Block and Renner profile updated",-11
019d1009-2cd6-7dfc-8ed8-22112fc90f90,alice,"Hackett, Corkery and Mraz profile updated",-29
019d1009-2cdc-7794-a14a-2720b6825cb5,robert,Gibson-Wintheiser profile updated,-24
019d1009-2ce2-7b53-9fd5-91b8d46b3eb6,robert,Ward-McDermott profile updated,-14
019d1009-2ce9-7020-b861-6fd1c51c844c,alice,Schroeder Group profile updated,-11
019d1009-2cef-7ede-b401-afb67e0aa087,robert,Thompson LLC profile updated,-1
019d1009-2cfc-7bc0-a7b0-16911d598944,alice,"Kris, Skiles and Hagenes profile updated",-23
019d1009-2b83-763d-b378-47b344c714e8,robert,Update order ORD-1000,-12
019d1009-2b83-763d-b378-47b344c714e8,robert,Update order ORD-1001,-10
019d1009-2b83-763d-b378-47b344c714e8,alice,Update order ORD-1002,-7
019d1009-2b83-763d-b378-47b344c714e8,robert,Update order ORD-1003,-6
019d1009-2c0d-7432-bfb0-ae8b3c7b535f,alice,Update order ORD-1004,-7
019d1009-2c0d-7432-bfb0-ae8b3c7b535f,robert,Update order ORD-1005,-11
019d1009-2c0d-7432-bfb0-ae8b3c7b535f,robert,Update order ORD-1006,-7
019d1009-2c0d-7432-bfb0-ae8b3c7b535f,robert,Update order ORD-1007,-11
019d1009-2c0d-7432-bfb0-ae8b3c7b535f,alice,Update order ORD-1008,-6
019d1009-2c0d-7432-bfb0-ae8b3c7b535f,robert,Update order ORD-1009,-5
019d1009-2c0d-7432-bfb0-ae8b3c7b535f,alice,Update order ORD-1010,-8
019d1009-2c0d-7432-bfb0-ae8b3c7b535f,alice,Update order ORD-1011,-5
019d1009-2c17-7219-a990-74bd47c49bd4,alice,Update order ORD-1012,-7
019d1009-2c17-7219-a990-74bd47c49bd4,robert,Update order ORD-1013,-6
019d1009-2c21-7712-98e8-a1da85905b5e,robert,Update order ORD-1014,-12
019d1009-2c21-7712-98e8-a1da85905b5e,robert,Update order ORD-1015,-2
019d1009-2c21-7712-98e8-a1da85905b5e,alice,Update order ORD-1016,-13
019d1009-2c21-7712-98e8-a1da85905b5e,robert,Update order ORD-1017,-3
019d1009-2c21-7712-98e8-a1da85905b5e,alice,Update order ORD-1018,-5
019d1009-2c21-7712-98e8-a1da85905b5e,robert,Update order ORD-1019,-11
019d1009-2c21-7712-98e8-a1da85905b5e,robert,Update order ORD-1020,-13
019d1009-2c2b-7618-ba20-14df99202815,robert,Update order ORD-1021,-3
019d1009-2c2b-7618-ba20-14df99202815,robert,Update order ORD-1022,0
019d1009-2c2b-7618-ba20-14df99202815,robert,Update order ORD-1023,-11
019d1009-2c2b-7618-ba20-14df99202815,alice,Update order ORD-1024,-11
019d1009-2c2b-7618-ba20-14df99202815,alice,Update order ORD-1025,-13
019d1009-2c2b-7618-ba20-14df99202815,robert,Update order ORD-1026,-13
019d1009-2c2b-7618-ba20-14df99202815,alice,Update order ORD-1027,-4
019d1009-2c2b-7618-ba20-14df99202815,robert,Update order ORD-1028,-6
019d1009-2c2b-7618-ba20-14df99202815,alice,Update order ORD-1029,-8
019d1009-2c34-7d4e-ae18-9cbba7eafc95,alice,Update order ORD-1030,-1
019d1009-2c34-7d4e-ae18-9cbba7eafc95,robert,Update order ORD-1031,-4
019d1009-2c34-7d4e-ae18-9cbba7eafc95,alice,Update order ORD-1032,-1
019d1009-2c34-7d4e-ae18-9cbba7eafc95,robert,Update order ORD-1033,-2
019d1009-2c34-7d4e-ae18-9cbba7eafc95,robert,Update order ORD-1034,-11
019d1009-2c34-7d4e-ae18-9cbba7eafc95,alice,Update order ORD-1035,-9
019d1009-2c3c-73da-ae29-3975141d56d4,alice,Update order ORD-1036,-7
019d1009-2c3c-73da-ae29-3975141d56d4,robert,Update order ORD-1037,-1
019d1009-2c3c-73da-ae29-3975141d56d4,robert,Update order ORD-1038,-5
019d1009-2c46-7ddd-be3e-3a392fba54f3,robert,Update order ORD-1039,-2
019d1009-2c46-7ddd-be3e-3a392fba54f3,robert,Update order ORD-1040,-4
019d1009-2c46-7ddd-be3e-3a392fba54f3,alice,Update order ORD-1041,-4
019d1009-2c46-7ddd-be3e-3a392fba54f3,alice,Update order ORD-1042,-6
019d1009-2c46-7ddd-be3e-3a392fba54f3,robert,Update order ORD-1043,-3
019d1009-2c46-7ddd-be3e-3a392fba54f3,alice,Update order ORD-1044,-5
019d1009-2c46-7ddd-be3e-3a392fba54f3,alice,Update order ORD-1045,-4
019d1009-2c46-7ddd-be3e-3a392fba54f3,alice,Update order ORD-1046,-5
019d1009-2c4f-7d34-ab93-3cceed01cb00,robert,Update order ORD-1047,-5
019d1009-2c4f-7d34-ab93-3cceed01cb00,robert,Update order ORD-1048,-1
019d1009-2c4f-7d34-ab93-3cceed01cb00,alice,Update order ORD-1049,-4
019d1009-2c4f-7d34-ab93-3cceed01cb00,alice,Update order ORD-1050,-12
019d1009-2c4f-7d34-ab93-3cceed01cb00,alice,Update order ORD-1051,-5
019d1009-2c4f-7d34-ab93-3cceed01cb00,robert,Update order ORD-1052,-4
019d1009-2c4f-7d34-ab93-3cceed01cb00,robert,Update order ORD-1053,-11
019d1009-2c58-7e71-a7a6-4bb0b09b6533,alice,Update order ORD-1054,-1
019d1009-2c58-7e71-a7a6-4bb0b09b6533,robert,Update order ORD-1055,-6
019d1009-2c58-7e71-a7a6-4bb0b09b6533,alice,Update order ORD-1056,-11
019d1009-2c58-7e71-a7a6-4bb0b09b6533,robert,Update order ORD-1057,-7
019d1009-2c58-7e71-a7a6-4bb0b09b6533,robert,Update order ORD-1058,-3
019d1009-2c58-7e71-a7a6-4bb0b09b6533,alice,Update order ORD-1059,-7
019d1009-2c58-7e71-a7a6-4bb0b09b6533,robert,Update order ORD-1060,-9
019d1009-2c58-7e71-a7a6-4bb0b09b6533,robert,Update order ORD-1061,-7
019d1009-2c58-7e71-a7a6-4bb0b09b6533,alice,Update order ORD-1062,-7
019d1009-2c62-7df8-b8fa-22491588d3cc,robert,Update order ORD-1063,-8
019d1009-2c62-7df8-b8fa-22491588d3cc,robert,Update order ORD-1064,0
019d1009-2c62-7df8-b8fa-22491588d3cc,alice,Update order ORD-1065,-5
019d1009-2c62-7df8-b8fa-22491588d3cc,robert,Update order ORD-1066,-13
019d1009-2c6c-7370-8952-0b943cfcb3b8,robert,Update order ORD-1067,-1
019d1009-2c6c-7370-8952-0b943cfcb3b8,alice,Update order ORD-1068,-2
019d1009-2c6c-7370-8952-0b943cfcb3b8,alice,Update order ORD-1069,-1
019d1009-2c6c-7370-8952-0b943cfcb3b8,robert,Update order ORD-1070,-11
019d1009-2c7a-794c-b2ca-496cf0dff886,robert,Update order ORD-1071,-4
019d1009-2c7a-794c-b2ca-496cf0dff886,alice,Update order ORD-1072,-8
019d1009-2c7a-794c-b2ca-496cf0dff886,alice,Update order ORD-1073,-11
019d1009-2c7a-794c-b2ca-496cf0dff886,robert,Update order ORD-1074,-5
019d1009-2c7a-794c-b2ca-496cf0dff886,alice,Update order ORD-1075,-2
019d1009-2c7a-794c-b2ca-496cf0dff886,alice,Update order ORD-1076,-10
019d1009-2c82-73d6-9095-c08d85ce2224,robert,Update order ORD-1077,-5
019d1009-2c82-73d6-9095-c08d85ce2224,alice,Update order ORD-1078,-7
019d1009-2c82-73d6-9095-c08d85ce2224,robert,Update order ORD-1079,-2
019d1009-2c82-73d6-9095-c08d85ce2224,alice,Update order ORD-1080,-9
019d1009-2c82-73d6-9095-c08d85ce2224,robert,Update order ORD-1081,-10
019d1009-2c82-73d6-9095-c08d85ce2224,alice,Update order ORD-1082,-3
019d1009-2c82-73d6-9095-c08d85ce2224,robert,Update order ORD-1083,-14
019d1009-2c82-73d6-9095-c08d85ce2224,alice,Update order ORD-1084,-6
019d1009-2c82-73d6-9095-c08d85ce2224,alice,Update order ORD-1085,-1
019d1009-2c8a-78b9-af90-bed462fff062,alice,Update order ORD-1086,-13
019d1009-2c8a-78b9-af90-bed462fff062,robert,Update order ORD-1087,-8
019d1009-2c8a-78b9-af90-bed462fff062,robert,Update order ORD-1088,-13
019d1009-2c93-7978-a81c-2e4c9cc4aacb,robert,Update order ORD-1089,-13
019d1009-2c93-7978-a81c-2e4c9cc4aacb,robert,Update order ORD-1090,-9
019d1009-2c93-7978-a81c-2e4c9cc4aacb,alice,Update order ORD-1091,-7
019d1009-2c9b-7240-a82d-01080233dcce,robert,Update order ORD-1092,-8
019d1009-2c9b-7240-a82d-01080233dcce,robert,Update order ORD-1093,-10
019d1009-2c9b-7240-a82d-01080233dcce,alice,Update order ORD-1094,-12
019d1009-2c9b-7240-a82d-01080233dcce,alice,Update order ORD-1095,-1
019d1009-2c9b-7240-a82d-01080233dcce,alice,Update order ORD-1096,-2
019d1009-2c9b-7240-a82d-01080233dcce,robert,Update order ORD-1097,-10
019d1009-2ca2-7acb-ab9a-ee4d220b4e14,alice,Update order ORD-1098,-3
019d1009-2ca2-7acb-ab9a-ee4d220b4e14,robert,Update order ORD-1099,-7
019d1009-2ca2-7acb-ab9a-ee4d220b4e14,robert,Update order ORD-1100,-12
019d1009-2ca2-7acb-ab9a-ee4d220b4e14,alice,Update order ORD-1101,0
019d1009-2ca2-7acb-ab9a-ee4d220b4e14,robert,Update order ORD-1102,-1
019d1009-2ca2-7acb-ab9a-ee4d220b4e14,robert,Update order ORD-1103,-7
019d1009-2ca2-7acb-ab9a-ee4d220b4e14,alice,Update order ORD-1104,-12
019d1009-2ca2-7acb-ab9a-ee4d220b4e14,robert,Update order ORD-1105,-6
019d1009-2ca2-7acb-ab9a-ee4d220b4e14,alice,Update order ORD-1106,-12
019d1009-2cab-7eeb-bd2d-373a2e127b07,alice,Update order ORD-1107,-5
019d1009-2cab-7eeb-bd2d-373a2e127b07,alice,Update order ORD-1108,-5
019d1009-2cab-7eeb-bd2d-373a2e127b07,alice,Update order ORD-1109,-9
019d1009-2cb3-7573-b616-62ccf532df41,alice,Update order ORD-1110,-9
019d1009-2cb3-7573-b616-62ccf532df41,robert,Update order ORD-1111,-10
019d1009-2cb3-7573-b616-62ccf532df41,alice,Update order ORD-1112,-4
019d1009-2cb3-7573-b616-62ccf532df41,alice,Update order ORD-1113,-11
019d1009-2cb3-7573-b616-62ccf532df41,robert,Update order ORD-1114,-12
019d1009-2cb3-7573-b616-62ccf532df41,alice,Update order ORD-1115,-13
019d1009-2cb3-7573-b616-62ccf532df41,robert,Update order ORD-1116,-4
019d1009-2cb3-7573-b616-62ccf532df41,alice,Update order ORD-1117,-7
019d1009-2cba-7721-8769-fd0139988dc9,robert,Update order ORD-1118,-7
019d1009-2cba-7721-8769-fd0139988dc9,alice,Update order ORD-1119,0
019d1009-2cba-7721-8769-fd0139988dc9,robert,Update order ORD-1120,-13
019d1009-2cba-7721-8769-fd0139988dc9,robert,Update order ORD-1121,-3
019d1009-2cba-7721-8769-fd0139988dc9,robert,Update order ORD-1122,-4
019d1009-2cba-7721-8769-fd0139988dc9,robert,Update order ORD-1123,-9
019d1009-2cc1-7e09-916b-29d60e3f476c,robert,Update order ORD-1124,-3
019d1009-2cc1-7e09-916b-29d60e3f476c,robert,Update order ORD-1125,-5
019d1009-2cc1-7e09-916b-29d60e3f476c,alice,Update order ORD-1126,-11
019d1009-2cc1-7e09-916b-29d60e3f476c,alice,Update order ORD-1127,-4
019d1009-2cc1-7e09-916b-29d60e3f476c,alice,Update order ORD-1128,-2
019d1009-2cc1-7e09-916b-29d60e3f476c,robert,Update order ORD-1129,-12
019d1009-2cc1-7e09-916b-29d60e3f476c,alice,Update order ORD-1130,-5
019d1009-2cc1-7e09-916b-29d60e3f476c,robert,Update order ORD-1131,-7
019d1009-2cc9-7641-a222-50a6d8d8a356,robert,Update order ORD-1132,-1
019d1009-2cc9-7641-a222-50a6d8d8a356,robert,Update order ORD-1133,-4
019d1009-2cc9-7641-a222-50a6d8d8a356,alice,Update order ORD-1134,-3
019d1009-2cc9-7641-a222-50a6d8d8a356,alice,Update order ORD-1135,-14
019d1009-2cc9-7641-a222-50a6d8d8a356,alice,Update order ORD-1136,-12
019d1009-2cc9-7641-a222-50a6d8d8a356,alice,Update order ORD-1137,-11
019d1009-2cc9-7641-a222-50a6d8d8a356,robert,Update order ORD-1138,-9
019d1009-2cc9-7641-a222-50a6d8d8a356,robert,Update order ORD-1139,-2
019d1009-2cc9-7641-a222-50a6d8d8a356,alice,Update order ORD-1140,-12
019d1009-2ccf-7c5d-9372-41e28df73f3b,robert,Update order ORD-1141,-12
019d1009-2ccf-7c5d-9372-41e28df73f3b,alice,Update order ORD-1142,-10
019d1009-2ccf-7c5d-9372-41e28df73f3b,alice,Update order ORD-1143,-3
019d1009-2ccf-7c5d-9372-41e28df73f3b,alice,Update order ORD-1144,-5
019d1009-2ccf-7c5d-9372-41e28df73f3b,alice,Update order ORD-1145,-13
019d1009-2ccf-7c5d-9372-41e28df73f3b,robert,Update order ORD-1146,-9
019d1009-2ccf-7c5d-9372-41e28df73f3b,robert,Update order ORD-1147,-11
019d1009-2ccf-7c5d-9372-41e28df73f3b,robert,Update order ORD-1148,-6
019d1009-2ccf-7c5d-9372-41e28df73f3b,robert,Update order ORD-1149,-5
019d1009-2cd6-7dfc-8ed8-22112fc90f90,alice,Update order ORD-1150,-11
019d1009-2cd6-7dfc-8ed8-22112fc90f90,robert,Update order ORD-1151,-14
019d1009-2cd6-7dfc-8ed8-22112fc90f90,robert,Update order ORD-1152,-1
019d1009-2cd6-7dfc-8ed8-22112fc90f90,robert,Update order ORD-1153,-6
019d1009-2cd6-7dfc-8ed8-22112fc90f90,alice,Update order ORD-1154,-5
019d1009-2cd6-7dfc-8ed8-22112fc90f90,robert,Update order ORD-1155,-12
019d1009-2cd6-7dfc-8ed8-22112fc90f90,robert,Update order ORD-1156,-3
019d1009-2cd6-7dfc-8ed8-22112fc90f90,alice,Update order ORD-1157,-12
019d1009-2cd6-7dfc-8ed8-22112fc90f90,robert,Update order ORD-1158,-5
019d1009-2cdc-7794-a14a-2720b6825cb5,alice,Update order ORD-1159,-1
019d1009-2cdc-7794-a14a-2720b6825cb5,alice,Update order ORD-1160,-14
019d1009-2cdc-7794-a14a-2720b6825cb5,robert,Update order ORD-1161,-11
019d1009-2cdc-7794-a14a-2720b6825cb5,robert,Update order ORD-1162,-4
019d1009-2cdc-7794-a14a-2720b6825cb5,alice,Update order ORD-1163,-11
019d1009-2ce2-7b53-9fd5-91b8d46b3eb6,alice,Update order ORD-1164,-2
019d1009-2ce2-7b53-9fd5-91b8d46b3eb6,robert,Update order ORD-1165,-13
019d1009-2ce2-7b53-9fd5-91b8d46b3eb6,alice,Update order ORD-1166,-7
019d1009-2ce2-7b53-9fd5-91b8d46b3eb6,robert,Update order ORD-1167,-6
019d1009-2ce9-7020-b861-6fd1c51c844c,robert,Update order ORD-1168,-6
019d1009-2ce9-7020-b861-6fd1c51c844c,alice,Update order ORD-1169,-8
019d1009-2ce9-7020-b861-6fd1c51c844c,alice,Update order ORD-1170,-6
019d1009-2ce9-7020-b861-6fd1c51c844c,alice,Update order ORD-1171,-4
019d1009-2ce9-7020-b861-6fd1c51c844c,robert,Update order ORD-1172,-9
019d1009-2ce9-7020-b861-6fd1c51c844c,robert,Update order ORD-1173,-10
019d1009-2ce9-7020-b861-6fd1c51c844c,robert,Update order ORD-1174,-1
019d1009-2ce9-7020-b861-6fd1c51c844c,alice,Update order ORD-1175,-7
019d1009-2cef-7ede-b401-afb67e0aa087,robert,Update order ORD-1176,-11
019d1009-2cef-7ede-b401-afb67e0aa087,robert,Update order ORD-1177,-5
019d1009-2cef-7ede-b401-afb67e0aa087,alice,Update order ORD-1178,-14
019d1009-2cef-7ede-b401-afb67e0aa087,robert,Update order ORD-1179,-7
019d1009-2cef-7ede-b401-afb67e0aa087,robert,Update order ORD-1180,-2
019d1009-2cef-7ede-b401-afb67e0aa087,robert,Update order ORD-1181,-8
019d1009-2cef-7ede-b401-afb67e0aa087,robert,Update order ORD-1182,-7
019d1009-2cef-7ede-b401-afb67e0aa087,alice,Update order ORD-1183,-3
019d1009-2cfc-7bc0-a7b0-16911d598944,alice,Update order ORD-1184,-11
019d1009-2cfc-7bc0-a7b0-16911d598944,alice,Update order ORD-1185,-8
019d1009-2cfc-7bc0-a7b0-16911d598944,alice,Update order ORD-1186,-11
